Date,Views
2017-02-09,157497
2017-02-10,765874
2017-02-11,1233359
2017-02-12,1183994
2017-02-13,821109
2017-02-14,717707
2017-02-15,683571
2017-02-16,676771
2017-02-17,719833
2017-02-18,858803
2017-02-19,1131709
2017-02-20,714978
2017-02-21,659780
2017-02-22,645916
2017-02-23,606369
2017-02-24,726711
2017-02-25,891300
2017-02-26,937989
2017-02-27,1228088
2017-02-28,823008
2017-03-01,698972
2017-03-02,687042
2017-03-03,756674
2017-03-04,867312
2017-03-05,943282
2017-03-06,668202
2017-03-07,644729
2017-03-08,683423
2017-03-09,677268
2017-03-10,802931
2017-03-11,836394
2017-03-12,946765
2017-03-13,779426
2017-03-14,702898
2017-03-15,753787
2017-03-16,663740
2017-03-17,721831
2017-03-18,794219
2017-03-19,966635
2017-03-20,710531
2017-03-21,719852
2017-03-22,696338
2017-03-23,662954
2017-03-24,692334
2017-03-25,898742
2017-03-26,961753
2017-03-27,739195
2017-03-28,713756
2017-03-29,599093
2017-03-30,623159
2017-03-31,577719
2017-04-01,757297
2017-04-02,795918
2017-04-03,770122
2017-04-04,649839
2017-04-05,687629
2017-04-06,579323
2017-04-07,706520
2017-04-08,752339
2017-04-09,847489
2017-04-10,767600
2017-04-11,632641
2017-04-12,682568
2017-04-13,661787
2017-04-14,982604
2017-04-15,853783
2017-04-16,978964
2017-04-17,911987
2017-04-18,758894
2017-04-19,825221
2017-04-20,726714
2017-04-21,723686
2017-04-22,824743
2017-04-23,1164836
2017-04-24,1275713
2017-04-25,1493146
2017-04-26,802045
2017-04-27,660774
2017-04-28,667688
2017-04-29,798961
2017-04-30,971808
2017-05-01,863149
2017-05-02,688479
2017-05-03,894053
2017-05-04,738610
2017-05-05,696343
2017-05-06,852840
2017-05-07,880674
2017-05-08,860650
2017-05-09,696512
2017-05-10,661631
2017-05-11,594153
2017-05-12,640799
2017-05-13,803884
2017-05-14,936952
2017-05-15,731619
2017-05-16,650230
2017-05-17,677304
2017-05-18,758838
2017-05-19,804028
2017-05-20,808141
2017-05-21,816037
2017-05-22,865958
2017-05-23,850387
2017-05-24,805080
2017-05-25,647276
2017-05-26,726949
2017-05-27,806538
2017-05-28,875802
2017-05-29,736899
2017-05-30,662150
2017-05-31,847689
2017-06-01,629949
2017-06-02,702511
2017-06-03,771695
2017-06-04,888326
2017-06-05,969671
2017-06-06,688515
2017-06-07,677650
2017-06-08,682150
2017-06-09,891823
2017-06-10,870592
2017-06-11,1031686
2017-06-12,874603
2017-06-13,797945
2017-06-14,661321
2017-06-15,572096
2017-06-16,634140
2017-06-17,762561
2017-06-18,827248
2017-06-19,726075
2017-06-20,906420
2017-06-21,781240
2017-06-22,554454
2017-06-23,626230
2017-06-24,681791
2017-06-25,809332
2017-06-27,540568
2017-06-28,527589
2017-06-29,540674
2017-06-30,527048
2017-07-01,629115
2017-07-02,853400
2017-07-03,601784
2017-07-04,519033
2017-07-05,572907
2017-07-06,526512
2017-07-07,584021
2017-07-08,690132
2017-07-09,792030
2017-07-10,712206
2017-07-11,577889
2017-07-12,829699
2017-07-13,662119
2017-07-14,676450
2017-07-15,790305
2017-07-16,932924
2017-07-17,971745
2017-07-18,843597
2017-07-19,599912
2017-07-20,614937
2017-07-21,831597
2017-07-22,805357
2017-07-23,886425
2017-07-25,611285
2017-07-26,566012
2017-07-27,512195
2017-07-28,601192
2017-07-29,682682
2017-07-30,936859
2017-07-31,731432
2017-08-01,563005
2017-08-02,528166
2017-08-03,471310
2017-08-04,533148
2017-08-05,674651
2017-08-06,848326
2017-08-07,790338
2017-08-08,586030
2017-08-09,567402
2017-08-10,607423
2017-08-11,529845
2017-08-12,750971
2017-08-13,740841
2017-08-14,686677
2017-08-15,659339
2017-08-16,574290
2017-08-17,579406
2017-08-18,579966
2017-08-19,722030
2017-08-20,760077
2017-08-21,866266
2017-08-22,590229
2017-08-23,541133
2017-08-24,559105
2017-08-25,605902
2017-08-26,751224
2017-08-27,1026360
2017-08-28,902670
2017-08-29,657347
2017-08-30,538550
2017-08-31,600987
2017-09-01,664921
2017-09-02,647675
2017-09-03,780036
2017-09-04,685115
2017-09-05,700963
2017-09-06,721814
2017-09-07,722689
2017-09-08,663066
2017-09-09,732503
2017-09-10,807477
2017-09-11,694057
2017-09-12,599414
2017-09-13,535435
2017-09-14,582420
2017-09-15,632168
2017-09-16,750765
2017-09-17,913022
2017-09-18,781874
2017-09-19,613433
2017-09-20,565873
2017-09-21,543251
2017-09-22,669743
2017-09-23,887157
2017-09-24,881112
2017-09-25,822108
2017-09-26,579676
2017-09-27,638984
2017-09-28,893472
2017-09-29,779200
2017-09-30,1385556
2017-10-01,1384439
2017-10-02,948209
2017-10-03,768522
2017-10-04,619538
2017-10-05,620416
2017-10-06,705757
2017-10-07,894760
2017-10-08,1029039
2017-10-09,700655
2017-10-10,722693
2017-10-11,714761
2017-10-12,566684
2017-10-13,658355
2017-10-14,790647
2017-10-15,825391
2017-10-16,840784
2017-10-17,699730
2017-10-18,606036
2017-10-19,728813
2017-10-20,714193
2017-10-21,743894
2017-10-22,850436
2017-10-23,711258
2017-10-24,555540
2017-10-25,682346
2017-10-26,652557
2017-10-27,753982
2017-10-28,872074
2017-10-29,950426
2017-10-30,847733
2017-10-31,766422
2017-11-01,652318
2017-11-02,650240
2017-11-03,636397
2017-11-04,868843
2017-11-05,1100186
2017-11-06,821993
2017-11-07,774784
2017-11-08,580595
2017-11-09,588456
2017-11-10,681589
2017-11-11,850576
2017-11-12,839831
2017-11-13,687450
2017-11-14,678768
2017-11-15,930258
2017-11-16,752391
2017-11-17,686766
2017-11-18,880065
2017-11-19,1081866
2017-11-20,905040
2017-11-21,681209
2017-11-22,797360
2017-11-23,649335
2017-11-24,687779
2017-11-25,765428
2017-11-26,978020
2017-11-27,856757
2017-11-28,812789
2017-11-29,682575
2017-11-30,641495
2017-12-01,698005
2017-12-02,818212
2017-12-03,998939
2017-12-04,686395
2017-12-05,635488
2017-12-06,623631
2017-12-07,588109
2017-12-08,658811
2017-12-09,799901
2017-12-10,892930
2017-12-11,662830
2017-12-12,659029
2017-12-13,763282
2017-12-14,689250
2017-12-15,669966
2017-12-16,950783
2017-12-17,930760
2017-12-18,747875
2017-12-19,728888
2017-12-20,635861
2017-12-21,540963
2017-12-22,566914
2017-12-23,658781
2017-12-24,785105
2017-12-25,675202
2017-12-26,1049822
2017-12-27,1021222
2017-12-28,807964
2017-12-29,887097
2017-12-30,978773
2017-12-31,1024719
2018-01-01,1061180
2018-01-02,929737
2018-01-03,917545
2018-01-04,897490
2018-01-05,1011908
2018-01-06,1196645
2018-01-07,1144599
2018-01-08,1195195
2018-01-09,913533
2018-01-10,869714
2018-01-11,834614
2018-01-12,886878
2018-01-13,1107571
2018-01-14,1054603
2018-01-15,1006354
2018-01-16,933164
2018-01-17,937107
2018-01-18,961465
2018-01-19,1042172
2018-01-20,1378256
2018-01-21,1442409
2018-01-22,1264886
2018-01-23,1047726
2018-01-24,1159073
2018-01-25,1146458
2018-01-26,1298249
2018-01-27,1633478
2018-01-28,1975382
2018-01-29,1116373
2018-01-30,695374
2018-01-31,744505
2018-02-01,635858
2018-02-02,753055
2018-02-03,945827
2018-02-04,1109562
2018-02-05,1171564
2018-02-06,760772
2018-02-07,742578
2018-02-08,704692
2018-02-09,818804
2018-02-10,888445
2018-02-11,1239140
2018-02-12,912771
2018-02-13,749994
2018-02-14,726786
2018-02-15,762284
2018-02-16,722920
2018-02-17,829027
2018-02-18,871650
2018-02-19,754132
2018-02-20,639742
2018-02-21,594624
2018-02-22,637154
2018-02-23,665891
2018-02-24,815441
2018-02-25,1059406
2018-02-26,677141
2018-02-27,583796
2018-02-28,594017
2018-03-01,596895
2018-03-02,641021
2018-03-03,736981
2018-03-04,924716
2018-03-05,1044097
2018-03-06,649737
2018-03-07,570707
2018-03-08,595021
2018-03-09,589118
2018-03-10,691568
2018-03-11,796481
2018-03-12,721700
2018-03-13,630058
2018-03-14,985549
2018-03-15,628470
2018-03-16,652240
2018-03-17,896410
2018-03-18,855329
2018-03-19,611611
2018-03-20,850568
2018-03-21,886516
2018-03-22,814142
2018-03-23,611784
2018-03-24,742286
2018-03-25,897941
2018-03-26,654739
2018-03-27,586055
2018-03-28,553659
2018-03-29,566480
2018-03-30,920781
2018-03-31,822947
2018-04-01,833237
2018-04-02,926286
2018-04-03,767258
2018-04-04,971737
2018-04-05,739039
2018-04-06,798376
2018-04-07,888554
2018-04-08,1053507
2018-04-09,966920
2018-04-10,922902
2018-04-11,834649
2018-04-12,732422
2018-04-13,698548
2018-04-14,928890
2018-04-15,1635559
2018-04-16,926923
2018-04-17,703748
2018-04-18,668085
2018-04-19,553691
2018-04-20,731501
2018-04-21,1022943
2018-04-22,1035002
2018-04-23,767487
2018-04-24,986296
2018-04-25,1505101
2018-04-26,901764
2018-04-27,977688
2018-04-28,983260
2018-04-29,971493
2018-04-30,794000
2018-05-01,722618
2018-05-02,667387
2018-05-03,767447
2018-05-04,732776
2018-05-05,879051
2018-05-06,870285
2018-05-07,835341
2018-05-08,751106
2018-05-09,671512
2018-05-10,687643
2018-05-11,712055
2018-05-12,925870
2018-05-13,1312737
2018-05-14,850695
2018-05-15,855728
2018-05-16,774389
2018-05-17,691811
2018-05-18,794188
2018-05-19,2376559
2018-05-20,1949609
2018-05-21,1153281
2018-05-22,872294
2018-05-23,712177
2018-05-24,739293
2018-05-25,810575
2018-05-26,924036
2018-05-27,957979
2018-05-28,804983
2018-05-29,744544
2018-05-30,708375
2018-05-31,628600
2018-06-01,795123
2018-06-02,800204
2018-06-03,837801
2018-06-04,703369
2018-06-05,707780
2018-06-06,893817
2018-06-07,705369
2018-06-08,894114
2018-06-09,1135243
2018-06-10,1182671
2018-06-11,1040956
2018-06-12,712453
2018-06-13,595600
2018-06-14,668670
2018-06-15,761311
2018-06-16,1071736
2018-06-17,970236
2018-06-18,793423
2018-06-19,820437
2018-06-20,695855
2018-06-21,922912
2018-06-22,827711
2018-06-23,967428
2018-06-24,1091881
2018-06-25,713158
2018-06-26,784919
2018-06-27,619288
2018-06-28,608953
2018-06-29,685516
2018-06-30,841012
2018-07-01,984410
2018-07-02,822991
2018-07-03,755818
2018-07-04,656349
2018-07-05,579353
2018-07-06,735774
2018-07-07,992102
2018-07-08,927229
2018-07-09,703152
2018-07-10,697736
2018-07-11,822945
2018-07-12,650824
2018-07-13,633199
2018-07-14,790969
2018-07-15,1026384
2018-07-16,748291
2018-07-17,665306
2018-07-18,536896
2018-07-19,521344
2018-07-20,542994
2018-07-21,730924
2018-07-22,710761
2018-07-23,578531
2018-07-24,534140
2018-07-25,541623
2018-07-26,559088
2018-07-27,586893
2018-07-28,684349
2018-07-29,780543
2018-07-30,585604
2018-07-31,554483
2018-08-01,626528
2018-08-02,605456
2018-08-03,615996
2018-08-04,699136
2018-08-05,730269
2018-08-06,687237
2018-08-07,618374
2018-08-08,562580
2018-08-09,519693
2018-08-10,533816
2018-08-11,599637
2018-08-12,646914
2018-08-13,542288
2018-08-14,510514
2018-08-15,607576
2018-08-16,580544
2018-08-17,628032
2018-08-18,754225
2018-08-19,790089
2018-08-20,751872
2018-08-21,688445
2018-08-22,688990
2018-08-23,862105
2018-08-24,1546144
2018-08-25,921560
2018-08-26,1121029
2018-08-27,765073
2018-08-28,596315
2018-08-29,629552
2018-08-30,600611
2018-08-31,675708
2018-09-01,777105
2018-09-02,787089
2018-09-03,616848
2018-09-04,629825
2018-09-05,596192
2018-09-06,670865
2018-09-07,1036692
2018-09-08,934685
2018-09-09,914034
2018-09-10,699919
2018-09-11,621078
2018-09-12,672674
2018-09-13,649446
2018-09-14,736511
2018-09-15,847934
2018-09-16,828525
2018-09-17,717741
2018-09-18,711526
2018-09-19,638827
2018-09-20,598871
2018-09-21,799871
2018-09-22,900958
2018-09-23,848870
2018-09-24,915116
2018-09-25,657703
2018-09-26,627639
2018-09-27,665653
2018-09-28,681274
2018-09-29,1344937
2018-09-30,1253545
2018-10-01,896884
2018-10-02,645237
2018-10-03,578700
2018-10-04,655117
2018-10-05,681597
2018-10-06,902925
2018-10-07,1196869
2018-10-08,693495
2018-10-09,734249
2018-10-10,623368
2018-10-11,593958
2018-10-12,963468
2018-10-13,822624
2018-10-14,928167
2018-10-15,755131
2018-10-16,642816
2018-10-17,660302
2018-10-18,589426
2018-10-19,631145
2018-10-20,985259
2018-10-21,853527
2018-10-22,836625
2018-10-23,710162
2018-10-24,655772
2018-10-25,660435
2018-10-26,760569
2018-10-27,904312
2018-10-28,1004206
2018-10-29,860917
2018-10-30,612362
2018-10-31,608320
2018-11-01,551140
2018-11-02,682028
2018-11-03,852195
2018-11-04,996826
2018-11-05,768195
2018-11-06,837732
2018-11-07,689389
2018-11-08,529026
2018-11-09,622070
2018-11-10,894713
2018-11-11,1014822
2018-11-12,712257
2018-11-13,656710
2018-11-14,589512
2018-11-15,593072
2018-11-16,619987
2018-11-17,873624
2018-11-18,837898
2018-11-19,634703
2018-11-20,635136
2018-11-21,628846
2018-11-22,681210
2018-11-23,679585
2018-11-24,863428
2018-11-25,856144
2018-11-26,585835
2018-11-27,528823
2018-11-28,620321
2018-11-29,517892
2018-11-30,563197
2018-12-01,774545
2018-12-02,880737
2018-12-03,630211
2018-12-04,595232
2018-12-05,519800
2018-12-06,473852
2018-12-07,546671
2018-12-08,706716
2018-12-09,804485
2018-12-10,512355
2018-12-11,474094
2018-12-12,503593
2018-12-13,528667
2018-12-14,555408
2018-12-15,647616
2018-12-16,788531
2018-12-17,659133
2018-12-18,506591
2018-12-19,556479
2018-12-20,436093
2018-12-21,515127
2018-12-22,709272
2018-12-23,618043
2018-12-24,651743
2018-12-25,607266
2018-12-26,742863
2018-12-27,822372
2018-12-28,809241
2018-12-29,1134520
2018-12-30,1061886
2018-12-31,862503
2019-01-01,1007787
2019-01-02,840626
2019-01-03,796535
2019-01-04,903450
2019-01-05,1073655
2019-01-06,1134789
2019-01-07,1061271
2019-01-08,733492
2019-01-09,649201
2019-01-10,642921
2019-01-11,839260
2019-01-12,1168859
2019-01-13,970354
2019-01-14,1190370
2019-01-15,981049
2019-01-16,1021094
2019-01-17,1096933
2019-01-18,1146005
2019-01-19,1240475
2019-01-20,1567353
2019-01-21,1127298
2019-01-22,1113779
2019-01-23,916303
2019-01-24,984255
2019-01-25,1008561
2019-01-26,1610875
2019-01-27,1871374
2019-01-28,1229855
2019-01-29,722995
2019-01-30,592372
2019-01-31,532869
2019-02-01,678693
2019-02-02,893776
2019-02-03,954385
2019-02-04,921598
2019-02-05,565623
2019-02-06,536672
2019-02-07,545214
2019-02-08,676257
2019-02-09,833283
2019-02-10,805887
2019-02-11,633098
2019-02-12,550610
2019-02-13,517236
2019-02-14,577825
2019-02-15,699398
2019-02-16,882234
2019-02-17,941753
2019-02-18,739589
2019-02-19,629113
2019-02-20,646866
2019-02-21,600664
2019-02-22,785286
2019-02-23,828303
2019-02-24,828706
2019-02-25,1166020
2019-02-26,736594
2019-02-27,675218
2019-02-28,681908
2019-03-01,847293
2019-03-02,935737
2019-03-03,941783
2019-03-04,825619
2019-03-05,794917
2019-03-06,659742
2019-03-07,698672
2019-03-08,800597
2019-03-09,991671
2019-03-10,1000024
2019-03-11,848440
2019-03-12,666906
2019-03-13,681995
2019-03-14,621295
2019-03-15,1028437
2019-03-16,1158441
2019-03-17,1212208
2019-03-18,801949
2019-03-19,694136
2019-03-20,653140
2019-03-21,712266
2019-03-22,782719
2019-03-23,1174741
2019-03-24,1059657
2019-03-25,766245
2019-03-26,603179
2019-03-27,575529
2019-03-28,612412
2019-03-29,688445
2019-03-30,872349
2019-03-31,920441
2019-04-01,718905
2019-04-02,593096
2019-04-03,614535
2019-04-04,628089
2019-04-05,774902
2019-04-06,786690
2019-04-07,732128
2019-04-08,701216
2019-04-09,618542
2019-04-10,597344
2019-04-11,727796
2019-04-12,790327
2019-04-13,859861
2019-04-14,982189
2019-04-15,1017037
2019-04-16,846745
2019-04-17,664409
2019-04-18,599148
2019-04-19,1015199
2019-04-20,828562
2019-04-21,999446
2019-04-22,1071763
2019-04-23,812658
2019-04-24,935855
2019-04-25,1245344
2019-04-26,1010940
2019-04-27,1018250
2019-04-28,1011544
2019-04-29,891459
2019-04-30,871216
2019-05-01,887980
2019-05-02,781933
2019-05-03,894208
2019-05-04,1029548
2019-05-05,1087090
2019-05-06,903454
2019-05-07,884353
2019-05-08,941386
2019-05-09,826471
2019-05-10,847955
2019-05-11,927056
2019-05-12,1010925
2019-05-13,885389
2019-05-14,951691
2019-05-15,856237
2019-05-16,1205334
2019-05-17,1287886
2019-05-18,2159325
2019-05-19,1708610
2019-05-20,1309410
2019-05-21,966355
2019-05-22,903649
2019-05-23,897841
2019-05-24,933888
2019-05-25,903097
2019-05-26,1098160
2019-05-27,902622
2019-05-28,699855
2019-05-29,740631
2019-05-30,779510
2019-05-31,835545
2019-06-01,997167
2019-06-02,1187212
2019-06-03,990206
2019-06-04,956517
2019-06-05,1005836
2019-06-06,800327
2019-06-07,930255
2019-06-08,1255175
2019-06-09,1371047
2019-06-10,1278754
2019-06-11,810716
2019-06-12,749070
2019-06-13,1326971
2019-06-14,964746
2019-06-15,913293
2019-06-16,1063342
2019-06-17,755435
2019-06-18,755599
2019-06-19,656873
2019-06-20,695959
2019-06-21,881743
2019-06-22,867913
2019-06-23,1026307
2019-06-24,801810
2019-06-25,766828
2019-06-26,655489
2019-06-27,657787
2019-06-28,701299
2019-06-29,904800
2019-06-30,1119275
2019-07-01,798639
2019-07-02,740654
2019-07-03,755544
2019-07-04,756097
2019-07-05,819165
2019-07-06,994334
2019-07-07,1269758
2019-07-08,885314
2019-07-09,691639
2019-07-10,859384
2019-07-11,825683
2019-07-12,849438
2019-07-13,1075762
2019-07-14,1185251
2019-07-15,802800
2019-07-16,678144
2019-07-17,685830
2019-07-18,685126
2019-07-19,806745
2019-07-20,964321
2019-07-21,1166264
2019-07-22,751573
2019-07-23,740317
2019-07-24,774304
2019-07-25,692032
2019-07-26,690786
2019-07-27,806839
2019-07-28,881385
2019-07-29,660498
2019-07-30,619931
2019-07-31,563393
2019-08-01,560153
2019-08-02,593135
2019-08-03,810576
2019-08-04,983737
2019-08-05,753565
2019-08-06,656257
2019-08-07,577833
2019-08-08,578494
2019-08-09,595123
2019-08-10,918071
2019-08-11,1059655
2019-08-12,736092
2019-08-13,644635
2019-08-14,649340
2019-08-15,661451
2019-08-16,710040
2019-08-17,1026220
2019-08-18,1050357
2019-08-19,704430
2019-08-20,729265
2019-08-21,690712
2019-08-22,711981
2019-08-23,688724
2019-08-24,983712
2019-08-25,963728
2019-08-26,718513
2019-08-27,690168
2019-08-28,644716
2019-08-29,661761
2019-08-30,717689
2019-08-31,908336
2019-09-01,898529
2019-09-02,648426
2019-09-03,591431
2019-09-04,604984
2019-09-05,1333900
2019-09-06,1932540
2019-09-07,2168784
2019-09-08,2286408
2019-09-09,2097061
2019-09-10,1264937
2019-09-11,883991
2019-09-12,620783
2019-09-13,705798
2019-09-14,770809
2019-09-15,862694
2019-09-16,671804
2019-09-17,597706
2019-09-18,541106
2019-09-19,572275
2019-09-20,732947
2019-09-21,984390
2019-09-22,885853
2019-09-23,1092022
2019-09-24,976165
2019-09-25,709167
2019-09-26,628456
2019-09-27,831833
2019-09-28,1493731
2019-09-29,972743
2019-09-30,858626
2019-10-01,917792
2019-10-02,638912
2019-10-03,550756
2019-10-04,780352
2019-10-05,1004699
2019-10-06,1328182
2019-10-07,1088078
2019-10-08,892602
2019-10-09,638513
2019-10-10,578417
2019-10-11,665867
2019-10-12,941253
2019-10-13,1234893
2019-10-14,1045310
2019-10-15,860209
2019-10-16,671537
2019-10-17,550456
2019-10-18,619818
2019-10-19,870299
2019-10-20,863328
2019-10-21,713330
2019-10-22,604599
2019-10-23,519804
2019-10-24,521267
2019-10-25,628453
2019-10-26,918630
2019-10-27,952319
2019-10-28,609242
2019-10-29,548380
2019-10-30,618630
2019-10-31,600139
2019-11-01,798463
2019-11-02,1222429
2019-11-03,1092875
2019-11-04,779481
2019-11-05,912237
2019-11-06,661229
2019-11-07,585442
2019-11-08,665812
2019-11-09,865583
2019-11-10,949686
2019-11-11,629131
2019-11-12,592758
2019-11-13,563149
2019-11-14,538429
2019-11-15,597771
2019-11-16,727759
2019-11-17,920714
2019-11-18,767450
2019-11-19,765240
2019-11-20,724187
2019-11-21,689713
2019-11-22,779430
2019-11-23,898574
2019-11-24,1065011
2019-11-25,757241
2019-11-26,645596
2019-11-27,802565
2019-11-28,674020
2019-11-29,680285
2019-11-30,941126
2019-12-01,911433
2019-12-02,637507
2019-12-03,649827
2019-12-04,561805
2019-12-05,506616
2019-12-06,602148
2019-12-07,745387
2019-12-08,882405
2019-12-09,768499
2019-12-10,658931
2019-12-11,570380
2019-12-12,530735
2019-12-13,703505
2019-12-14,727648
2019-12-15,863382
2019-12-16,557951
2019-12-17,581871
2019-12-18,582464
2019-12-19,834683
2019-12-20,727709
2019-12-21,1056564
2019-12-22,879923
2019-12-23,673077
2019-12-24,759961
2019-12-25,722615
2019-12-26,948257
2019-12-27,891863
2019-12-28,1100036
2019-12-29,1013986
2019-12-30,877518
2019-12-31,819513
2020-01-01,994535
2020-01-02,872951
2020-01-03,1099081
2020-01-04,1231239
2020-01-05,1263252
2020-01-06,1188765
2020-01-07,960674
2020-01-08,982588
2020-01-09,914975
2020-01-10,1328775
2020-01-11,1138256
2020-01-12,1168314
2020-01-13,953445
2020-01-14,922279
2020-01-15,832679
2020-01-16,822083
2020-01-17,974788
2020-01-18,1111770
2020-01-19,1214001
2020-01-20,1048355
2020-01-21,921218
2020-01-22,964321
2020-01-23,1049975
2020-01-24,1285574
2020-01-25,1571862
2020-01-26,1917517
2020-01-27,2240503
2020-01-28,1443239
2020-01-29,1265727
2020-01-30,1257137
2020-01-31,1060996
2020-02-01,1451616
2020-02-02,1601868
2020-02-03,1108878
2020-02-04,769155
2020-02-05,790252
2020-02-06,854211
2020-02-07,796598
2020-02-08,1009746
2020-02-09,1204093
2020-02-10,1212944
2020-02-11,717133
2020-02-12,662656
2020-02-13,675989
2020-02-14,760159
2020-02-15,999351
2020-02-16,1746847
2020-02-17,729233
2020-02-18,573339
2020-02-19,622329
2020-02-20,518262
2020-02-21,604620
2020-02-22,857030
2020-02-23,977622
2020-02-24,644070
2020-02-25,611009
2020-02-26,559590
2020-02-27,572508
2020-02-28,692659
2020-02-29,807639
2020-03-01,924897
2020-03-02,626036
2020-03-03,569673
2020-03-04,628875
2020-03-05,654485
2020-03-06,676988
2020-03-07,839046
2020-03-08,1095932
2020-03-09,755325
2020-03-10,620191
2020-03-11,701148
2020-03-12,803166
2020-03-13,846880
2020-03-14,1011039
2020-03-15,932606
2020-03-16,768463
2020-03-17,740213
2020-03-18,716618
2020-03-19,789492
2020-03-20,917096
2020-03-21,1128128
2020-03-22,1051602
2020-03-23,826390
2020-03-24,832229
2020-03-25,873458
2020-03-26,887272
2020-03-27,1059528
2020-03-28,1361434
2020-03-29,1326638
2020-03-30,971205
2020-03-31,908413
2020-04-01,959052
2020-04-02,1243455
2020-04-03,1157237
2020-04-04,1497844
2020-04-05,1406382
2020-04-06,1092731
2020-04-07,1087648
2020-04-08,949694
2020-04-09,1025048
2020-04-10,1588917
2020-04-11,1553505
2020-04-12,1651306
2020-04-13,1418836
2020-04-14,956657
2020-04-15,917094
2020-04-16,980872
2020-04-17,1105683
2020-04-18,1631550
2020-04-19,1383055
2020-04-20,1263933
2020-04-21,1169310
2020-04-22,974469
2020-04-23,985391
2020-04-24,1184232
2020-04-25,1866124
2020-04-26,1422627
2020-04-27,1337059
2020-04-28,1040644
2020-04-29,1181925
2020-04-30,1140737
2020-05-01,1159774
2020-05-02,1426184
2020-05-03,1267738
2020-05-04,1083823
2020-05-05,974616
2020-05-06,1013453
2020-05-07,971884
2020-05-08,986781
2020-05-09,1396897
2020-05-10,1310391
2020-05-11,1070115
2020-05-12,1000163
2020-05-13,881511
2020-05-14,937267
2020-05-15,937157
2020-05-16,1198661
2020-05-17,1193236
2020-05-18,1095474
2020-05-19,1099343
2020-05-20,907915
2020-05-21,956641
2020-05-22,1095335
2020-05-23,1304477
2020-05-24,1172572
2020-05-25,893074
2020-05-26,917290
2020-05-27,804638
2020-05-28,818881
2020-05-29,957463
2020-05-30,1240721
2020-05-31,1426114
2020-06-01,1181186
2020-06-02,1095671
2020-06-03,916206
2020-06-04,886724
2020-06-05,870089
2020-06-06,1024222
2020-06-07,1239659
2020-06-08,1080979
2020-06-09,879792
2020-06-10,846420
2020-06-11,812164
2020-06-12,899133
2020-06-13,1080874
2020-06-14,1184831
2020-06-15,898058
2020-06-16,798936
2020-06-17,877192
2020-06-18,811035
2020-06-19,850042
2020-06-20,1047219
2020-06-21,1055670
2020-06-22,844317
2020-06-23,763583
2020-06-24,737609
2020-06-25,746080
2020-06-26,776152
2020-06-27,937418
2020-06-28,934311
2020-06-29,719713
2020-06-30,685278
2020-07-01,668480
2020-07-02,678543
2020-07-03,913415
2020-07-04,1113527
2020-07-05,1063354
2020-07-06,884515
2020-07-07,881406
2020-07-08,765209
2020-07-09,835783
2020-07-10,899041
2020-07-11,1267621
2020-07-12,1233915
2020-07-13,1212848
2020-07-14,1150894
2020-07-15,746560
2020-07-16,720122
2020-07-17,938464
2020-07-18,1106494
2020-07-21,691275
2020-07-22,641016
2020-07-23,727688
2020-07-24,887558
2020-07-25,1097820
2020-07-26,1166863
2020-07-27,851068
2020-07-28,690693
2020-07-29,649514
2020-07-30,642876
2020-07-31,797195
2020-08-01,968754
2020-08-02,755734
2020-08-03,635249
2020-08-04,674404
2020-08-05,814476
2020-08-06,774890
2020-08-07,920735
2020-08-08,1134071
2020-08-09,1047391
2020-08-10,1122569
2020-08-11,974647
2020-08-12,888692
2020-08-13,783207
2020-08-14,897176
2020-08-15,1084737
2020-08-16,1108527
2020-08-17,956295
2020-08-18,1006952
2020-08-19,761806
2020-08-20,782637
2020-08-21,880312
2020-08-22,1200907
2020-08-23,1129000
2020-08-24,972865
2020-08-25,917469
2020-08-26,863101
2020-08-27,790588
2020-08-28,875090
2020-08-29,1330307
2020-08-30,1079228
2020-08-31,934144
2020-09-01,980881
2020-09-02,758777
2020-09-03,730346
2020-09-04,863797
2020-09-05,1026703
2020-09-06,904031
2020-09-07,838374
2020-09-08,771702
2020-09-09,707757
2020-09-10,858339
2020-09-11,944374
2020-09-12,1112297
2020-09-13,1075649
2020-09-14,957219
2020-09-15,730358
2020-09-16,740156
2020-09-17,742724
2020-09-18,863925
2020-09-19,1273612
2020-09-20,1234862
2020-09-21,963088
2020-09-22,784001
2020-09-23,744776
2020-09-24,906305
2020-09-25,904200
2020-09-26,1063191
2020-09-27,1161646
2020-09-28,845408
2020-09-29,727387
2020-09-30,993201
2020-10-01,827503
2020-10-02,972892
2020-10-03,1046911
2020-10-04,1093222
2020-10-05,912280
2020-10-06,840834
2020-10-07,989963
2020-10-08,868698
2020-10-09,935101
2020-10-10,1096143
2020-10-11,1084318
2020-10-12,1164549
2020-10-13,900636
2020-10-14,801212
2020-10-15,837894
2020-10-16,981238
2020-10-17,1469777
2020-10-18,1422909
2020-10-19,896590
2020-10-20,822883
2020-10-21,818437
2020-10-22,841612
2020-10-23,1025881
2020-10-24,1959691
2020-10-25,1717525
2020-10-26,914181
2020-10-27,838082
2020-10-28,735664
2020-10-29,745373
2020-10-30,900775
2020-10-31,1615097
2020-11-01,1416135
2020-11-02,913119
2020-11-03,1089551
2020-11-04,2233517
2020-11-05,1499699
2020-11-06,1361903
2020-11-07,1755279
2020-11-08,2521254
2020-11-09,1237523
2020-11-10,1043442
2020-11-11,1057756
2020-11-12,830726
2020-11-13,863610
2020-11-14,882677
2020-11-15,1180686
2020-11-16,1078526
2020-11-17,1056901
2020-11-18,1031692
2020-11-19,1072406
2020-11-20,948088
2020-11-21,1091735
2020-11-22,1141688
2020-11-23,870433
2020-11-24,842507
2020-11-25,792754
2020-11-26,776478
2020-11-27,760548
2020-11-28,904947
2020-11-29,1091045
2020-11-30,758444
2020-12-01,699166
2020-12-02,723143
2020-12-03,594811
2020-12-04,582368
2020-12-05,816928
2020-12-06,857583
2020-12-07,651345
2020-12-08,572433
2020-12-09,528238
2020-12-10,518061
2020-12-11,667088
2020-12-12,730865
2020-12-13,948875
2020-12-14,664043
2020-12-15,609807
2020-12-16,570811
2020-12-17,630736
2020-12-18,659304
2020-12-19,789789
2020-12-20,927880
2020-12-21,815313
2020-12-22,589030
2020-12-23,551190
2020-12-24,735240
2020-12-25,697854
2020-12-26,1050701
2020-12-27,1056289
2020-12-28,973836
2020-12-29,867316
2020-12-30,815927
2020-12-31,1028569
2021-01-01,1280402
2021-01-02,1300445
2021-01-03,1186816
2021-01-04,1060894
2021-01-05,971485
2021-01-06,1030365
2021-01-07,1109055
2021-01-08,1030556
2021-01-09,1150980
2021-01-10,1151200
2021-01-11,1029961
2021-01-12,856132
2021-01-13,884713
2021-01-14,892876
2021-01-15,1044429
2021-01-16,1022996
2021-01-17,1033766
2021-01-18,853205
2021-01-19,753238
2021-01-20,903238
2021-01-21,975708
2021-01-22,872640
2021-01-23,1072323
2021-01-24,1195706
2021-01-25,1083122
2021-01-26,1238672
2021-01-27,771913
2021-01-28,751536
2021-01-29,802396
2021-01-30,1000152
2021-01-31,1063991
2021-02-01,816503
2021-02-02,789377
2021-02-03,693609
2021-02-04,648341
2021-02-05,800797
2021-02-06,1035198
2021-02-07,937672
2021-02-08,1105892
2021-02-09,788915
2021-02-10,806491
2021-02-11,897851
2021-02-12,888927
2021-02-13,1221073
2021-02-14,1204828
2021-02-15,869382
2021-02-16,921106
2021-02-17,806146
2021-02-18,815766
2021-02-19,855820
2021-02-20,1130394
2021-02-21,1276377
2021-02-22,651135
2021-02-23,606872
2021-02-24,617949
2021-02-25,563022
2021-02-26,872199
2021-02-27,948537
2021-02-28,969500
2021-03-01,956466
2021-03-02,1061078
2021-03-03,922500
2021-03-04,641222
2021-03-05,769947
2021-03-06,823286
2021-03-07,981151
2021-03-08,905071
2021-03-09,689049
2021-03-10,686503
2021-03-11,600173
2021-03-12,657502
2021-03-13,998643
2021-03-14,953197
2021-03-15,738923
2021-03-16,684496
2021-03-17,617253
2021-03-18,632010
2021-03-19,740739
2021-03-20,949229
2021-03-21,1007458
2021-03-22,748931
2021-03-23,610281
2021-03-24,701254
2021-03-25,685345
2021-03-26,717004
2021-03-27,921030
2021-03-28,970275
2021-03-29,747327
2021-03-30,648881
2021-03-31,617228
2021-04-01,623212
2021-04-02,988087
2021-04-03,1012498
2021-04-04,1124154
2021-04-05,1048722
2021-04-06,727117
2021-04-07,667168
2021-04-08,661047
2021-04-09,1392203
2021-04-10,1429265
2021-04-11,1256216
2021-04-12,882149
2021-04-13,781135
2021-04-14,622754
2021-04-15,698557
2021-04-16,935001
2021-04-17,1421667
2021-04-18,1267761
2021-04-19,832995
2021-04-20,792330
2021-04-21,747849
2021-04-22,676911
2021-04-23,807870
2021-04-24,1048440
2021-04-25,1403478
2021-04-26,1199788
2021-04-27,708275
2021-04-28,666432
2021-04-29,633868
2021-04-30,745366
2021-05-01,895378
2021-05-02,977017
2021-05-03,700082
2021-05-04,694065
2021-05-05,628040
2021-05-06,681846
2021-05-07,659794
2021-05-08,797373
2021-05-09,892204
2021-05-10,713224
2021-05-11,658799
2021-05-12,673602
2021-05-13,739199
2021-05-14,769646
2021-05-15,826398
2021-05-16,1081755
2021-05-17,846421
2021-05-18,804101
2021-05-19,635233
2021-05-20,678529
2021-05-21,676386
2021-05-22,847741
2021-05-23,1251597
2021-05-24,897826
2021-05-25,840745
2021-05-26,797948
2021-05-27,684664
2021-05-28,792804
2021-05-29,970527
2021-05-30,1067975
2021-05-31,800499
2021-06-01,872660
2021-06-02,796665
2021-06-03,875613
2021-06-04,908614
2021-06-05,1134942
2021-06-06,1251109
2021-06-07,1003992
2021-06-08,912372
2021-06-09,1202839
2021-06-10,816124
2021-06-11,892305
2021-06-12,1049605
2021-06-13,1174186
2021-06-14,1087794
2021-06-15,766966
2021-06-16,717248
2021-06-17,682102
2021-06-18,723047
2021-06-19,839219
2021-06-20,946867
2021-06-21,786894
2021-06-22,665953
2021-06-23,738309
2021-06-24,713925
2021-06-25,797252
2021-06-26,878930
2021-06-27,1159879
2021-06-28,832726
2021-06-29,846431
2021-06-30,784186
2021-07-01,916000
2021-07-02,963030
2021-07-03,1230797
2021-07-04,1045578
2021-07-05,793520
2021-07-06,888317
2021-07-07,975814
2021-07-08,918210
2021-07-09,959005
2021-07-10,1597123
2021-07-11,1760372
2021-07-12,1034606
2021-07-13,866908
2021-07-14,960125
2021-07-15,789493
2021-07-16,1017334
2021-07-17,1346907
2021-07-18,1259162
2021-07-19,945900
2021-07-20,943931
2021-07-21,1262083
2021-07-22,1219071
2021-07-23,2076477
2021-07-24,1810263
2021-07-25,2358345
2021-07-26,1991453
2021-07-27,1677102
2021-07-28,1738824
2021-07-29,1664982
2021-07-30,1764895
2021-07-31,2089868
2021-08-01,2610105
2021-08-02,1647416
2021-08-03,1575253
2021-08-04,1452237
2021-08-05,1527259
2021-08-06,1488859
2021-08-07,2088748
2021-08-08,2085454
2021-08-09,1063639
2021-08-10,946588
2021-08-11,927846
2021-08-12,989641
2021-08-13,1094259
2021-08-14,1073090
2021-08-15,1449792
2021-08-16,1293300
2021-08-17,1164317
2021-08-18,1150813
2021-08-19,1091399
2021-08-20,1133290
2021-08-21,1265679
2021-08-22,1498149
2021-08-23,1177968
2021-08-24,1041631
2021-08-25,1403864
2021-08-26,991661
2021-08-27,1149170
2021-08-28,1393106
2021-08-29,1375784
2021-08-30,1047181
2021-08-31,1021588
2021-09-01,852550
2021-09-02,997005
2021-09-03,1172394
2021-09-04,1466555
2021-09-05,1209334
2021-09-06,1015652
2021-09-07,1051254
2021-09-08,927903
2021-09-09,953238
2021-09-10,1302078
2021-09-11,1691679
2021-09-12,1578913
2021-09-13,1267716
2021-09-14,1157108
2021-09-15,992224
2021-09-16,1027628
2021-09-17,1080369
2021-09-18,1300265
2021-09-19,1449448
2021-09-20,1176490
2021-09-21,1100581
2021-09-22,1027271
2021-09-23,907329
2021-09-24,1355960
2021-09-25,2304501
2021-09-26,1687528
2021-09-27,1268997
2021-09-28,1126456
2021-09-29,955192
2021-09-30,891030
2021-10-01,1417415
2021-10-02,1411129
2021-10-03,1737369
2021-10-04,1250696
2021-10-05,1232331
2021-10-06,972904
2021-10-07,875061
2021-10-08,948235
2021-10-09,1135045
2021-10-10,1511407
2021-10-11,932650
2021-10-12,886044
2021-10-13,806176
2021-10-14,785980
2021-10-15,935119
2021-10-16,1179333
2021-10-17,1028348
2021-10-18,929369
2021-10-19,830396
2021-10-20,740612
2021-10-21,799256
2021-10-22,959643
2021-10-23,1073059
2021-10-24,957504
2021-10-25,758615
2021-10-26,738707
2021-10-27,696184
2021-10-28,745595
2021-10-29,856656
2021-10-30,1111227
2021-10-31,1146753
2021-11-01,867075
2021-11-02,864824
2021-11-03,854382
2021-11-04,793910
2021-11-05,879991
2021-11-06,1032806
2021-11-07,1199899
2021-11-08,742252
2021-11-09,705924
2021-11-10,716214
2021-11-11,806598
2021-11-12,998775
2021-11-13,1088976
2021-11-14,1109266
2021-11-15,787930
2021-11-16,767351
2021-11-17,753717
2021-11-18,672561
2021-11-19,888155
2021-11-20,981720
2021-11-21,1165313
2021-11-22,816513
2021-11-23,735857
2021-11-24,747230
2021-11-25,756182
2021-11-26,888283
2021-11-27,981644
2021-11-28,1068116
2021-11-29,796161
2021-11-30,782431
2021-12-01,674767
2021-12-02,639574
2021-12-03,651422
2021-12-04,849824
2021-12-05,995978
2021-12-06,652643
2021-12-07,621559
2021-12-08,730089
2021-12-09,689180
2021-12-10,842060
2021-12-11,908459
2021-12-12,1046332
2021-12-13,840466
2021-12-14,604449
2021-12-15,643642
2021-12-16,754812
2021-12-17,780104
2021-12-18,898404
2021-12-19,1078986
2021-12-20,786068
2021-12-21,711053
2021-12-22,741967
2021-12-23,723096
2021-12-24,866947
2021-12-25,909427
2021-12-26,1279996
2021-12-27,1206974
2021-12-28,1193194
2021-12-29,991137
2021-12-30,1112394
2021-12-31,1376709
2022-01-01,1775671
2022-01-02,1514304
2022-01-03,1300682
2022-01-04,1165696
2022-01-05,1115958
2022-01-06,1232268
2022-01-07,1298657
2022-01-08,1568546
2022-01-09,1416100
2022-01-10,1286441
2022-01-11,1105317
2022-01-12,1066592
2022-01-13,1127997
2022-01-14,1128553
2022-01-15,1249984
2022-01-16,1300989
2022-01-17,1150550
2022-01-18,1356966
2022-01-19,1161585
2022-01-20,1191541
2022-01-21,1428010
2022-01-22,1528421
2022-01-23,1631261
2022-01-24,1261084
2022-01-25,1556741
2022-01-26,1606576
2022-01-27,1460275
2022-01-28,1277151
2022-01-29,2401039
2022-01-30,2295581
2022-01-31,1076654
2022-02-01,843713
2022-02-02,862926
2022-02-03,760623
2022-02-04,802393
2022-02-05,978434
2022-02-06,1048704
2022-02-07,771542
2022-02-08,762482
2022-02-09,767338
2022-02-10,734130
2022-02-11,933577
2022-02-12,1049528
2022-02-13,1107546
2022-02-14,1068626
2022-02-15,769300
2022-02-16,718763
2022-02-17,699125
2022-02-18,712538
2022-02-19,981490
2022-02-20,1114099
2022-02-21,793215
2022-02-22,811171
2022-02-23,825048
2022-02-24,1652799
2022-02-25,1719292
2022-02-26,1792636
2022-02-27,1684537
2022-02-28,1316856
2022-03-01,1089555
2022-03-02,983725
2022-03-03,999052
2022-03-04,1369608
2022-03-05,1426932
2022-03-06,1403700
2022-03-07,880363
2022-03-08,753333
2022-03-09,659144
2022-03-10,807845
2022-03-11,827550
2022-03-12,932101
2022-03-13,984148
2022-03-14,918948
2022-03-15,799217
2022-03-16,684121
2022-03-17,731462
2022-03-18,820024
2022-03-19,1130099
2022-03-20,1049761
2022-03-21,868123
2022-03-22,691663
2022-03-23,753709
2022-03-24,839380
2022-03-25,1047010
2022-03-26,1213527
2022-03-27,1107488
2022-03-28,1397574
2022-03-29,909052
2022-03-30,1025081
2022-03-31,896368
2022-04-01,878322
2022-04-02,921283
2022-04-03,1116183
2022-04-04,942798
2022-04-05,877040
2022-04-06,807091
2022-04-07,746954
2022-04-08,827991
2022-04-09,1008226
2022-04-10,1424228
2022-04-11,916189
2022-04-12,827080
2022-04-13,772636
2022-04-14,825058
2022-04-15,1149373
2022-04-16,976309
2022-04-17,1241353
2022-04-18,1121171
2022-04-19,831874
2022-04-20,767630
2022-04-21,851559
2022-04-22,891575
2022-04-23,962977
2022-04-24,1186579
2022-04-25,1261949
2022-04-26,833176
2022-04-27,841969
2022-04-28,794364
2022-04-29,845172
2022-04-30,944026
2022-05-01,1010708
2022-05-02,956245
2022-05-03,845760
2022-05-04,840707
2022-05-05,839411
2022-05-06,802134
2022-05-07,924648
2022-05-08,1164514
2022-05-09,1000439
2022-05-10,828190
2022-05-11,799580
2022-05-12,779884
2022-05-13,874207
2022-05-14,1023560
2022-05-15,1200185
2022-05-16,843659
2022-05-17,787521
2022-05-18,767091
2022-05-19,788907
2022-05-20,1088772
2022-05-21,2852716
2022-05-22,2191322
2022-05-23,1557443
2022-05-24,989859
2022-05-25,1062274
2022-05-26,996531
2022-05-27,1063556
2022-05-28,1134827
2022-05-29,1153983
2022-05-30,1111135
2022-05-31,974582
2022-06-01,950101
2022-06-02,958499
2022-06-03,913764
2022-06-04,1057811
2022-06-05,1486731
2022-06-06,945036
2022-06-07,763120
2022-06-08,878901
2022-06-09,722441
2022-06-10,785071
2022-06-11,934309
2022-06-12,1118132
2022-06-13,981232
2022-06-14,812379
2022-06-15,708742
2022-06-16,651971
2022-06-17,830792
2022-06-18,886467
2022-06-19,1117387
2022-06-20,763750
2022-06-21,674337
2022-06-22,658072
2022-06-23,656788
2022-06-24,809254
2022-06-25,940203
2022-06-26,1055862
2022-06-27,731259
2022-06-28,672975
2022-06-29,676415
2022-06-30,675381
2022-07-01,794571
2022-07-02,1007010
2022-07-03,1158540
2022-07-04,824724
2022-07-05,731140
2022-07-06,773992
2022-07-07,909507
2022-07-08,1290447
2022-07-09,1078303
2022-07-10,1195341
2022-07-11,692674
2022-07-12,737127
2022-07-13,830242
2022-07-14,746931
2022-07-15,775250
2022-07-16,1022475
2022-07-17,906210
2022-07-18,688322
2022-07-19,616505
2022-07-20,616728
2022-07-21,750222
2022-07-22,877567
2022-07-23,959232
2022-07-24,1074179
2022-07-25,807905
2022-07-26,800923
2022-07-27,734780
2022-07-28,1174038
2022-07-29,962851
2022-07-30,1036872
2022-07-31,1114974
2022-08-01,800729
2022-08-02,768251
2022-08-03,775752
2022-08-04,757626
2022-08-05,840480
2022-08-06,1199342
2022-08-07,1252777
2022-08-08,1153229
2022-08-09,1566980
2022-08-10,955328
2022-08-11,874325
2022-08-12,992288
2022-08-13,1175061
2022-08-14,1148104
2022-08-15,795950
2022-08-16,730371
2022-08-17,663746
2022-08-18,707479
2022-08-19,758374
2022-08-20,903722
2022-08-21,1050140
2022-08-22,912400
2022-08-23,796108
2022-08-24,711418
2022-08-25,646819
2022-08-26,699301
2022-08-27,866627
2022-08-28,911388
2022-08-29,732973
2022-08-30,729120
2022-08-31,959906
2022-09-01,770843
2022-09-02,897788
2022-09-03,1143774
2022-09-04,1027868
2022-09-05,933615
2022-09-06,858229
2022-09-07,829659
2022-09-08,1643628
2022-09-09,2764194
2022-09-10,2276199
2022-09-11,2138676
2022-09-12,1559878
2022-09-13,1351008
2022-09-14,1242111
2022-09-15,1206976
2022-09-16,1190406
2022-09-17,1443096
2022-09-18,1642219
2022-09-19,2644521
2022-09-20,1284859
2022-09-21,1295243
2022-09-22,1453353
2022-09-23,1322648
2022-09-24,2398884
2022-09-25,1565654
2022-09-26,1209584
2022-09-27,1029139
2022-09-28,1055060
2022-09-29,1091759
2022-09-30,1087196
2022-10-01,1284159
2022-10-02,1593832
2022-10-03,1052238
2022-10-04,869374
2022-10-05,980844
2022-10-06,814874
2022-10-07,911620
2022-10-08,1205684
2022-10-09,1242218
2022-10-10,846633
2022-10-11,926996
2022-10-12,948284
2022-10-13,899895
2022-10-14,942339
2022-10-15,1042702
2022-10-16,1034738
2022-10-17,806597
2022-10-18,728886
2022-10-20,893377
2022-10-21,1127278
2022-10-22,1439199
2022-10-23,1537686
2022-10-24,1339832
2022-10-25,1096545
2022-10-26,905629
2022-10-27,777097
2022-10-28,921520
2022-10-29,1105694
2022-10-30,1216759
2022-10-31,946100
2022-11-01,963597
2022-11-02,821315
2022-11-03,699151
2022-11-04,811265
2022-11-05,1067332
2022-11-06,1164481
2022-11-07,920298
2022-11-08,958923
2022-11-09,1064288
2022-11-10,1120316
2022-11-11,1094560
2022-11-12,1270579
2022-11-13,1643538
2022-11-14,1138316
2022-11-15,872080
2022-11-16,927843
2022-11-17,833163
2022-11-18,972093
2022-11-19,1379686
2022-11-20,1376055
2022-11-21,1156151
2022-11-22,1371214
2022-11-23,1435303
2022-11-24,1263280
2022-11-25,1029110
2022-11-26,1780529
2022-11-27,1618207
2022-11-28,1164905
2022-11-29,921002
2022-11-30,1203618
2022-12-01,1223019
2022-12-02,858662
2022-12-03,1139495
2022-12-04,1156865
2022-12-05,742554
2022-12-06,855415
2022-12-07,675022
2022-12-08,628928
2022-12-09,829324
2022-12-10,1055099
2022-12-11,1118124
2022-12-12,808512
2022-12-13,782862
2022-12-14,1025667
2022-12-15,901763
2022-12-16,642020
2022-12-17,826880
2022-12-18,1242254
2022-12-19,1006197
2022-12-20,778046
2022-12-21,655359
2022-12-22,604292
2022-12-23,665735
2022-12-24,905576
2022-12-25,834670
2022-12-26,975221
2022-12-27,988617
2022-12-28,945511
2022-12-29,904731
2022-12-30,1039426
2022-12-31,1149125
2023-01-01,1224620
2023-01-02,1056263
2023-01-03,1038095
2023-01-04,911988
2023-01-05,967160
2023-01-06,983859
2023-01-07,1045155
2023-01-08,963242
2023-01-09,766857
2023-01-10,733635
2023-01-11,988284
2023-01-12,931273
2023-01-13,1458261
2023-01-14,1266041
2023-01-15,1294967
2023-01-16,1152237
2023-01-17,1352160
2023-01-18,1194872
2023-01-19,1474552
2023-01-20,1380375
2023-01-21,1455770
2023-01-22,1767023
2023-01-23,1158034
2023-01-24,1265180
2023-01-25,1230801
2023-01-26,1478502
2023-01-27,1286772
2023-01-28,1804391
2023-01-29,2016207
2023-01-30,1122051
2023-01-31,922046
2023-02-01,885399
2023-02-02,812235
2023-02-03,850985
2023-02-04,1129632
2023-02-05,1089651
2023-02-06,523114
2023-02-07,2046873
2023-02-08,2074220
2023-02-09,2173891
2023-02-10,2227540
2023-02-11,2549590
2023-02-12,2802607
2023-02-13,2514427
2023-02-14,2109889
2023-02-15,1993797
2023-02-16,2129887
2023-02-17,2215434
2023-02-18,2588698
2023-02-19,2638625
2023-02-20,2173201
2023-02-21,2088268
2023-02-22,1974536
2023-02-23,1965184
2023-02-24,2175266
2023-02-25,2514063
2023-02-26,2632290
2023-02-27,2142148
2023-02-28,1952744
2023-03-01,1900527
2023-03-02,2010895
2023-03-03,2302169
2023-03-04,2652590
2023-03-05,2935344
2023-03-06,2334919
2023-03-07,2094850
2023-03-08,2089651
2023-03-09,2147643
2023-03-10,2293384
2023-03-11,2605596
2023-03-12,2924278
2023-03-13,3186846
2023-03-14,2626473
2023-03-15,2323612
2023-03-16,2186172
2023-03-17,2371591
2023-03-18,2739890
2023-03-19,2755478
2023-03-20,2336040
2023-03-21,2263054
2023-03-22,2107607
2023-03-23,2088585
2023-03-24,2287918
2023-03-25,2985875
2023-03-26,2950430
2023-03-27,2328215
2023-03-28,2168096
2023-03-29,2098644
2023-03-30,2012195
2023-03-31,2159913
2023-04-01,2562094
2023-04-02,2756570
2023-04-03,2159740
2023-04-04,2041819
2023-04-05,1720749
2023-04-06,1768249
2023-04-07,2605171
2023-04-08,2111313
2023-04-09,2458411
2023-04-10,2365250
2023-04-11,1899619
2023-04-12,1780605
2023-04-13,1771099
2023-04-14,1855870
2023-04-15,2253812
2023-04-16,2299282
2023-04-17,1917133
2023-04-18,1686197
2023-04-19,1775678
2023-04-20,2097909
2023-04-21,2106887
2023-04-22,2573933
2023-04-23,2786703
2023-04-24,2514273
2023-04-25,2890605
2023-04-26,2130181
2023-04-27,2104467
2023-04-28,2302581
2023-04-29,2622111
2023-04-30,2639214
2023-05-01,2428267
2023-05-02,2199337
2023-05-03,2083053
2023-05-04,2064240
2023-05-05,2293120
2023-05-06,3390228
2023-05-07,3027146
2023-05-08,2431174
2023-05-09,2328518
2023-05-10,2166864
2023-05-11,2099188
2023-05-12,2244146
2023-05-13,2571152
2023-05-14,2724768
2023-05-15,2309279
2023-05-16,2305358
2023-05-17,2220350
2023-05-18,2232454
2023-05-19,2331314
2023-05-20,2450038
2023-05-21,2792354
2023-05-22,2381701
2023-05-23,2346409
2023-05-24,2248562
2023-05-25,2106254
2023-05-26,1950964
2023-05-27,2203104
2023-05-28,2356043
2023-05-29,2011923
2023-05-30,1950739
2023-05-31,2096312
2023-06-01,1963666
2023-06-02,1963379
2023-06-03,2307228
2023-06-04,2398098
2023-06-05,2155801
2023-06-06,1953629
2023-06-07,1802511
2023-06-08,1877815
2023-06-09,1953816
2023-06-10,2120158
2023-06-11,2501530
2023-06-12,2270812
2023-06-13,1932209
2023-06-14,1775290
2023-06-15,1781418
2023-06-16,1862765
2023-06-17,2122742
2023-06-18,2339732
2023-06-19,842703
2023-06-20,1806094
2023-06-21,2182549
2023-06-22,1953584
2023-06-23,2126913
2023-06-24,2349210
2023-06-25,2404636
2023-06-26,1921567
2023-06-27,1832886
2023-06-28,1886609
2023-06-29,1781620
2023-06-30,1786574
2023-07-01,2126238
2023-07-02,2156626
2023-07-03,1839336
2023-07-04,1860229
2023-07-05,1811912
2023-07-06,1855376
2023-07-07,1949942
2023-07-08,2211866
2023-07-09,2414499
2023-07-10,1899146
2023-07-11,1848860
2023-07-12,1967728
2023-07-13,1901923
2023-07-14,2022355
2023-07-15,2272000
2023-07-16,2448416
2023-07-17,2029411
2023-07-18,1884848
2023-07-19,1779463
2023-07-20,2162129
2023-07-21,2097874
2023-07-22,2364112
2023-07-23,2590591
2023-07-24,2300921
2023-07-25,2071610
2023-07-26,2087476
2023-07-27,2311056
2023-07-28,2179330
2023-07-29,2351961
2023-07-30,2712291
2023-07-31,2487756
2023-08-01,2054148
2023-08-02,1882617
2023-08-03,1785758
2023-08-04,1914507
2023-08-05,2134864
2023-08-06,2576978
2023-08-07,2489698
2023-08-08,2024508
2023-08-09,1777625
2023-08-10,1870873
2023-08-11,1988041
2023-08-12,2915530
2023-08-13,2757770
2023-08-14,2221753
2023-08-15,2021703
2023-08-16,2575561
2023-08-17,2055947
2023-08-18,2116751
2023-08-19,2442059
2023-08-20,2768135
2023-08-21,2087538
2023-08-22,1991676
2023-08-23,1906752
2023-08-24,1900705
2023-08-25,1975190
2023-08-26,2143380
2023-08-27,2182420
2023-08-28,1875547
2023-08-29,1863729
2023-08-30,1859574
2023-08-31,1833793
2023-09-01,1876672
2023-09-02,2145709
2023-09-03,2114747
2023-09-04,1963143
2023-09-05,1911394
2023-09-06,1752691
2023-09-07,1830138
2023-09-08,2075611
2023-09-09,2165289
2023-09-10,2328443
2023-09-11,1926749
2023-09-12,1668877
2023-09-13,1641997
2023-09-14,1617588
2023-09-15,1766686
2023-09-16,2135458
2023-09-17,2110581
2023-09-18,1815113
2023-09-19,1711064
2023-09-20,1672574
2023-09-21,1732122
2023-09-22,1932880
2023-09-23,2168685
2023-09-24,2100484
2023-09-25,2055919
2023-09-26,1892356
2023-09-27,1801458
2023-09-28,1862628
2023-09-29,1955614
2023-09-30,3051094
2023-10-01,2754503
2023-10-02,2167798
2023-10-03,1811335
2023-10-04,1824060
2023-10-05,1831079
2023-10-06,1921490
2023-10-07,2384402
2023-10-08,2681666
2023-10-09,2332858
2023-10-10,2237573
2023-10-11,2250290
2023-10-12,2153730
2023-10-13,2201173
2023-10-14,2573931
2023-10-15,2587438
2023-10-16,2761702
2023-10-17,2008201
2023-10-18,1910614
2023-10-19,1863613
2023-10-20,1971428
2023-10-21,2363593
2023-10-22,2460949
2023-10-23,1995274
2023-10-24,1863072
2023-10-25,768212
2023-10-26,1867427
2023-10-27,1942696
2023-10-28,2151787
2023-10-29,2746679
2023-10-30,2129347
2023-10-31,1987197
2023-11-01,1996572
2023-11-02,1812956
2023-11-03,2002612
2023-11-04,2256014
2023-11-05,2358653
2023-11-06,1952104
2023-11-07,1947828
2023-11-08,1813934
2023-11-09,1814123
2023-11-10,1979464
2023-11-11,2146597
2023-11-12,2412840
2023-11-13,832846
2023-11-14,1821551
2023-11-15,1817176
2023-11-16,1854857
2023-11-17,845661
2023-11-18,2045259
2023-11-19,1572128
2023-11-20,2161419
2023-11-21,1921285
2023-11-22,1953046
2023-11-23,751640
2023-11-24,1809094
2023-11-25,2120016
2023-11-26,2397420
2023-11-27,740853
2023-11-28,1725345
2023-11-29,1651633
2023-11-30,1715834
2023-12-01,1747022
2023-12-02,2107767
2023-12-03,2086858
2023-12-04,1686493
2023-12-05,1582132
2023-12-06,1605525
2023-12-07,1586770
2023-12-08,1728034
2023-12-09,2195610
2023-12-10,2249385
2023-12-11,1742559
2023-12-12,1618456
2023-12-13,1688822
2023-12-14,1556101
2023-12-15,1657994
2023-12-16,1948912
2023-12-17,2122759
2023-12-18,1766731
2023-12-19,1720814
2023-12-20,1669848
2023-12-21,1626000
2023-12-22,1700890
2023-12-23,2055923
2023-12-24,2363252
2023-12-25,2089072
2023-12-26,2352948
2023-12-27,2152307
2023-12-28,2109749
2023-12-29,2144219
2023-12-30,2415993
2023-12-31,2402409
2024-01-01,2780808
2024-01-02,2487345
2024-01-03,2256426
2024-01-04,2331288
2024-01-05,2383313
2024-01-06,2715548
2024-01-07,2864400
2024-01-08,2575831
2024-01-09,2376347
2024-01-10,2288021
2024-01-11,2259171
2024-01-12,2393205
2024-01-13,2807719
2024-01-14,3133765
2024-01-15,2856853
2024-01-16,2778806
2024-01-17,2632204
2024-01-18,2441615
2024-01-19,2511287
2024-01-20,2762529
2024-01-21,3087629
2024-01-22,2433593
2024-01-23,2390390
2024-01-24,2396942
2024-01-25,2554275
2024-01-26,3298719
2024-01-27,3207828
2024-01-28,3702293
2024-01-29,2304506
2024-01-30,2017646
2024-01-31,1908771
2024-02-01,1750570
2024-02-02,2005102
2024-02-03,2405994
2024-02-04,508837
2024-02-05,2102645
2024-02-06,1815114
2024-02-07,1767712
2024-02-08,1769876
2024-02-09,1936352
2024-02-10,2313077
2024-02-11,2315579
2024-02-12,2390050
2024-02-13,1838967
2024-02-14,1807198
2024-02-15,1911499
2024-02-16,2020296
2024-02-17,2291286
2024-02-18,2390939
2024-02-19,1949091
2024-02-20,1859073
2024-02-21,1720825
2024-02-22,1725445
2024-02-23,1864526
2024-02-24,2384813
2024-02-25,2208519
2024-02-26,1780755
2024-02-27,1821609
2024-02-28,1816669
2024-02-29,1769423
2024-03-01,1968715
2024-03-02,2334816
2024-03-03,2346147
2024-03-04,1933835
2024-03-05,1803294
2024-03-06,1752077
2024-03-07,1976900
2024-03-08,2081478
2024-03-09,2283349
2024-03-10,2578209
2024-03-11,2635694
2024-03-12,2475139
2024-03-13,2009354
2024-03-14,1819885
2024-03-15,1894166
2024-03-16,2205416
2024-03-17,2306379
2024-03-18,1857631
2024-03-19,1795423
2024-03-20,1752961
2024-03-21,1830186
2024-03-22,1911384
2024-03-23,2264813
2024-03-24,2532282
2024-03-25,1939971
2024-03-26,1938777
2024-03-27,1775803
2024-03-28,1802376
2024-03-29,2464715
2024-03-30,2222399
2024-03-31,2490437
2024-04-01,2354764
2024-04-02,1921846
2024-04-03,1821265
2024-04-04,1767656
2024-04-05,1954892
2024-04-06,2245353
2024-04-07,2376623
2024-04-08,1936430
2024-04-09,1855169
2024-04-10,1693642
2024-04-11,1760686
2024-04-12,2025729
2024-04-13,2132101
2024-04-14,2607130
2024-04-15,1931763
2024-04-16,1896940
2024-04-17,1728192
2024-04-18,1717366
2024-04-19,1877427
2024-04-20,2130686
2024-04-21,2170861
2024-04-22,1749781
2024-04-23,1718501
2024-04-24,1867354
2024-04-25,2317276
2024-04-26,1923822
2024-04-27,2063419
2024-04-28,2044844
2024-04-29,1779527
2024-04-30,1758501
2024-05-01,1744719
2024-05-02,1739178
2024-05-03,1831221
2024-05-04,2117834
2024-05-05,2299951
2024-05-06,1988919
2024-05-07,1848787
2024-05-08,1858304
2024-05-09,1822944
2024-05-10,1939370
2024-05-11,2141138
2024-05-12,2175474
2024-05-13,1726132
2024-05-14,1610362
2024-05-15,1623457
2024-05-16,1725460
2024-05-17,1787110
2024-05-18,1970350
2024-05-19,2089120
2024-05-20,1918013
2024-05-21,1837230
2024-05-22,1624551
2024-05-23,1664867
2024-05-24,1792459
2024-05-25,2062821
2024-05-26,2070217
2024-05-27,1767457
2024-05-28,1667578
2024-05-29,1641399
2024-05-30,1663712
2024-05-31,1797718
2024-06-01,2092261
2024-06-02,2225609
2024-06-03,1884906
2024-06-04,1873060
2024-06-05,1912181
2024-06-06,1703833
2024-06-07,1806776
2024-06-08,1968893
2024-06-09,2256867
2024-06-10,2085213
2024-06-11,1817621
2024-06-12,1746493
2024-06-13,1652254
2024-06-14,1827188
2024-06-15,2105484
2024-06-16,1997705
2024-06-17,1654569
2024-06-18,1653694
2024-06-19,1564643
2024-06-20,1559863
2024-06-21,1774334
2024-06-22,1918667
2024-06-23,1863486
2024-06-24,1568620
2024-06-25,1676654
2024-06-26,1952983
2024-06-27,1767413
2024-06-28,1646266
2024-06-29,1953108
2024-06-30,2047193
2024-07-01,1669360
2024-07-02,1554096
2024-07-03,1553769
2024-07-04,1657154
2024-07-05,2184378
2024-07-06,2128621
2024-07-07,2219920
2024-07-08,1873972
2024-07-09,1811630
2024-07-10,1708939
2024-07-11,1713504
2024-07-12,1807907
2024-07-13,2009655
2024-07-14,2464100
2024-07-15,2042251
2024-07-16,1894922
2024-07-17,1809902
2024-07-18,1677641
2024-07-19,1829308
2024-07-20,1992923
2024-07-21,2129406
2024-07-22,1974905
2024-07-23,1767817
2024-07-24,1811936
2024-07-25,1839245
2024-07-26,1947442
2024-07-27,2642967
2024-07-28,2900456
2024-07-29,2385482
2024-07-30,2204068
2024-07-31,2099538
2024-08-01,2168004
2024-08-02,2369519
2024-08-03,2509234
2024-08-04,2579160
2024-08-05,2252174
2024-08-06,2207097
2024-08-07,2203458
2024-08-08,2106531
2024-08-09,2015234
2024-08-10,2205032
2024-08-11,2503901
2024-08-12,2091801
2024-08-13,1764471
2024-08-14,1739508
2024-08-15,1662650
2024-08-16,1771481
2024-08-17,2004612
2024-08-18,2325063
2024-08-19,1894061
2024-08-20,1759229
2024-08-21,1755968
2024-08-22,1657272
2024-08-23,1805095
2024-08-24,1975262
2024-08-25,2019563
2024-08-26,1760554
2024-08-27,1713797
2024-08-28,1599257
2024-08-29,1651633
2024-08-30,1761935
2024-08-31,2086594
2024-09-01,2047912
2024-09-02,1750332
2024-09-03,1672693
2024-09-04,1679350
2024-09-05,1808108
2024-09-06,1970109
2024-09-07,2019937
2024-09-08,2188380
2024-09-09,1759088
2024-09-10,1603040
2024-09-11,1581453
2024-09-12,1602074
2024-09-13,1723703
2024-09-14,1937198
2024-09-15,1996264
2024-09-16,1788393
2024-09-17,1623524
2024-09-18,1574149
2024-09-19,1646055
2024-09-20,1890038
2024-09-21,2141599
2024-09-22,2229754
2024-09-23,2070965
2024-09-24,1779747
2024-09-25,1713239
2024-09-26,1698333
2024-09-27,2100525
2024-09-28,3324211
2024-09-29,2577181
2024-09-30,2068394
2024-10-01,1880904
2024-10-02,1895168
2024-10-03,1621908
2024-10-04,1898818
2024-10-05,2611043
2024-10-06,2618310
2024-10-07,1958845
2024-10-08,2074632
2024-10-09,1756583
2024-10-10,2258181
2024-10-11,2165449
2024-10-12,2142686
2024-10-13,2231823
2024-10-14,1786950
2024-10-15,1899754
2024-10-16,1918351
2024-10-17,2006309
2024-10-18,2889680
2024-10-19,2259278
2024-10-20,2270467
2024-10-21,1929347
2024-10-22,1814432
2024-10-23,1894981
2024-10-24,1796290
2024-10-25,1865478
2024-10-26,2229056
2024-10-27,2263139
2024-10-28,1927048
2024-10-29,1811777
2024-10-30,1751330
2024-10-31,1839889
2024-11-01,1834605
2024-11-02,2094540
2024-11-03,2142716
2024-11-04,2482709
2024-11-05,2746336
2024-11-06,3763958
2024-11-07,2562987
2024-11-08,2053567
2024-11-09,2550389
2024-11-10,2919521
2024-11-11,2180287
2024-11-12,1874588
2024-11-13,1867123
2024-11-14,2108195
2024-11-15,2482000
2024-11-16,2602856
2024-11-17,2329092
2024-11-18,1944255
2024-11-19,1777133
2024-11-20,1782931
2024-11-21,1746583
2024-11-22,1887359
2024-11-23,2419706
2024-11-24,2559080
2024-11-25,1865866
2024-11-26,1716001
2024-11-27,1678185
2024-11-28,1652934
2024-11-29,1708776
2024-11-30,2197620
2024-12-01,2136648
2024-12-02,1730406
2024-12-03,1727984
2024-12-04,1905570
2024-12-05,1523107
2024-12-06,1849696
2024-12-07,2730496
2024-12-08,2553284
2024-12-09,1803185
2024-12-10,1676747
2024-12-11,1642445
2024-12-12,1584077
2024-12-13,1687691
2024-12-14,1917826
2024-12-15,2176564
2024-12-16,1780489
2024-12-17,1646830
2024-12-18,1656179
2024-12-19,1531937
2024-12-20,1623713
2024-12-21,1886540
2024-12-22,1952878
2024-12-23,1718230
2024-12-24,1812196
2024-12-25,1832487
2024-12-26,2286323
2024-12-27,2245090
2024-12-28,2355994
2024-12-29,2370730
2024-12-30,2223956
2024-12-31,2170374
2025-01-01,2746669
2025-01-02,2539852
2025-01-03,2314739
2025-01-04,2610120
2025-01-05,2859551
2025-01-06,2574304
2025-01-07,2281513
2025-01-08,2218817
2025-01-09,2203011
2025-01-10,2309169
2025-01-11,2441434
2025-01-12,2700413
2025-01-13,2290093
2025-01-14,2272667
2025-01-15,2199886
2025-01-16,2356811
2025-01-17,2522301
2025-01-18,2810666
2025-01-19,2960858
2025-01-20,2551080
2025-01-21,2711208
2025-01-22,2594759
2025-01-23,2553787
2025-01-24,2563052
2025-01-25,3162450
2025-01-26,3493862
2025-01-27,2778798
2025-01-28,2012420
2025-01-29,2035026
2025-01-30,2007555
2025-01-31,2092141
2025-02-01,2354094
2025-02-02,2419927
2025-02-03,2076181
2025-02-04,1993898
2025-02-05,1864376
2025-02-06,1844965
2025-02-07,1965322
2025-02-08,2323306
2025-02-09,2341119
2025-02-10,2269712
2025-02-11,1888761
2025-02-12,1782878
2025-02-13,1964696
2025-02-14,1947776
2025-02-15,2229974
2025-02-16,2199496
2025-02-17,1820181
2025-02-18,1757592
2025-02-19,1696364
2025-02-20,1737590
2025-02-21,1845295
2025-02-22,2135013
2025-02-23,2243419
2025-02-24,1939900
2025-02-25,1714353
2025-02-26,1752285
2025-02-27,1983415
2025-02-28,1890518
2025-03-01,2109841
2025-03-02,2298853
2025-03-03,2455610
2025-03-04,1962593
2025-03-05,1843605
2025-03-06,1935526
2025-03-07,1996676
2025-03-08,2376341
2025-03-09,2454833
2025-03-10,2157454
2025-03-11,1868894
2025-03-12,1739360
2025-03-13,1710936
2025-03-14,1827016
2025-03-15,2146861
2025-03-16,2375953
2025-03-17,1827773
2025-03-18,1694910
2025-03-19,1655175
2025-03-20,1849967
2025-03-21,1877086
2025-03-22,2158513
2025-03-23,2274276
2025-03-24,1884498
2025-03-25,1788265
2025-03-26,1697683
2025-03-27,1777683
2025-03-28,2000733
2025-03-29,2264967
2025-03-30,2188217
2025-03-31,1890966
2025-04-01,1698200
2025-04-02,1926324
2025-04-03,1667445
2025-04-04,1855348
2025-04-05,1910542
2025-04-06,2079887
2025-04-07,1683833
2025-04-08,1715282
2025-04-09,1636109
2025-04-10,1607478
2025-04-11,1736706
2025-04-12,1979582
2025-04-13,2245368
2025-04-14,1943263
2025-04-15,1713900
2025-04-16,1590385
2025-04-17,1637934
2025-04-18,2191213
2025-04-19,2056109
2025-04-20,2288198
2025-04-21,2757967
2025-04-22,2184920
2025-04-23,1946821
2025-04-24,2009169
2025-04-25,2586625
2025-04-26,2444780
2025-04-27,2370110
2025-04-28,1916793
2025-04-29,2008064
2025-04-30,1917605
2025-05-01,1866044
2025-05-02,2047693
2025-05-03,3716615
2025-05-04,3087370
2025-05-05,2347768
2025-05-06,2054423
2025-05-07,2120231
2025-05-08,2236595
2025-05-09,2373982
2025-05-10,2202221
2025-05-11,2417527
2025-05-12,2048744
2025-05-13,2115520
2025-05-14,2139038
2025-05-15,1925851
2025-05-16,1933814
2025-05-17,2377174
2025-05-18,2341997
2025-05-19,1930345
2025-05-20,1921547
2025-05-21,1824763
2025-05-22,1865817
2025-05-23,1897401
2025-05-24,2068807
2025-05-25,2130246
2025-05-26,1871153
2025-05-27,1818735
2025-05-28,1888262
2025-05-29,1776807
2025-05-30,1823048
2025-05-31,2157634
2025-06-01,2206721
2025-06-02,1938703
2025-06-03,1756187
2025-06-04,1743661
2025-06-05,1721478
2025-06-06,1803494
2025-06-07,2068277
2025-06-08,2369519
2025-06-09,2294251
2025-06-10,1821875
2025-06-11,1716888
2025-06-12,1833605
2025-06-13,1889827
2025-06-14,2048860
2025-06-15,2229283
2025-06-16,1857913
2025-06-17,1838234
2025-06-18,1929453
2025-06-19,1775246
2025-06-20,1828366
2025-06-21,2016532
2025-06-22,2409329
2025-06-23,2042396
2025-06-24,1803659
2025-06-25,1814844
2025-06-26,1797796
2025-06-27,1864671
2025-06-28,2101168
2025-06-29,2315479
2025-06-30,1456779
2025-07-01,1442803
2025-07-02,1427281
2025-07-03,1516152
2025-07-04,1507788
2025-07-05,1896578
2025-07-06,1809102
2025-07-07,1471808
2025-07-08,1651853
2025-07-09,1811978
2025-07-10,1764164
2025-07-11,1803954
2025-07-12,2014363
2025-07-13,2159395
2025-07-14,1721977
2025-07-15,1623387
2025-07-16,1410407
2025-07-17,1381856
2025-07-18,1765870
2025-07-19,1962623
2025-07-20,1736921
2025-07-21,1943275
2025-07-22,1832468
2025-07-23,1887903
2025-07-24,1868857
2025-07-25,2006635
2025-07-26,2597318
2025-07-27,2334481
2025-07-28,1862055
2025-07-29,1751653
2025-07-30,1787548
2025-07-31,1742923
2025-08-01,1819665
2025-08-02,2111620
2025-08-03,2306362
2025-08-04,1878546
2025-08-05,1781992
2025-08-06,1672970
2025-08-07,1668638
2025-08-08,1822982
2025-08-09,2025740
2025-08-10,2136750
2025-08-11,1763981
2025-08-12,1686822
2025-08-13,1592669
2025-08-14,1598495
2025-08-15,1675694
2025-08-16,1805195
2025-08-17,2008390
2025-08-18,1753256
2025-08-19,1935129
2025-08-20,1613198
2025-08-21,1612328
2025-08-22,1652104
2025-08-23,1874772
2025-08-24,1959910
2025-08-25,1696774
2025-08-26,1692871
2025-08-27,2383757
2025-08-28,2116893
2025-08-29,2356114
2025-08-30,1965966
2025-08-31,2184062
2025-09-01,1641535
2025-09-02,1713426
2025-09-03,2163843
2025-09-04,1800846
2025-09-05,2455244
2025-09-06,2009259
2025-09-07,2019574
2025-09-08,1736225
2025-09-09,2153561
2025-09-10,2218114
2025-09-11,2153936
2025-09-12,1991131
2025-09-13,2049153
2025-09-14,2113648
2025-09-15,2407126
2025-09-16,1874275
2025-09-17,1913294
2025-09-18,1679765
2025-09-19,1718406
2025-09-20,1907632
2025-09-21,2447586
2025-09-22,1797908
2025-09-23,1677644
2025-09-24,1527881
2025-09-25,1604536
2025-09-26,1862769
2025-09-27,2654223
2025-09-28,2285446
2025-09-29,1737964
2025-09-30,2472039
2025-10-01,2139357
2025-10-02,1699243
2025-10-03,1844246
2025-10-04,2160430
2025-10-05,2809426
2025-10-06,2221060
2025-10-07,1773897
2025-10-08,1768870
2025-10-09,1783175
2025-10-10,1864540
2025-10-11,2192945
2025-10-12,2486100
2025-10-13,1785198
2025-10-14,1677827
2025-10-15,1738613
2025-10-16,1605841
2025-10-17,1727125
2025-10-18,1987000
2025-10-19,2076041
2025-10-20,1700977
2025-10-21,1882479
2025-10-22,1744109
2025-10-23,1555409
2025-10-24,1645324
2025-10-25,1950761
2025-10-26,2055527
2025-10-27,1638565
2025-10-28,1715768
2025-10-29,1643973
2025-10-30,1567182
2025-10-31,1745137
2025-11-01,1987177
2025-11-02,2200335
2025-11-03,1761471
2025-11-04,1963059
2025-11-05,2005577
2025-11-06,1677918
2025-11-07,1815036
2025-11-08,2092141
2025-11-09,2157541
2025-11-10,1712135
2025-11-11,1647796
2025-11-12,1530520
2025-11-13,1493210
2025-11-14,1624197
2025-11-15,1845202
2025-11-16,2078808
2025-11-17,1748086
2025-11-18,1695038
2025-11-19,1612370
2025-11-20,1519185
2025-11-21,1681136
2025-11-22,1892412
2025-11-23,1932220
2025-11-24,1494031
2025-11-25,1423005
2025-11-26,1401897
2025-11-27,1377545
2025-11-28,1437301
2025-11-29,1860044
2025-11-30,1841252
2025-12-01,1401662
2025-12-02,1329049
2025-12-03,1249457
2025-12-04,1394677
2025-12-05,1497106
2025-12-06,1908139
2025-12-07,1907054
2025-12-08,1572469
2025-12-09,1447691
2025-12-10,1373993
2025-12-11,1436315
2025-12-12,1627756
2025-12-13,1749704
2025-12-14,2056669
2025-12-15,2068578
2025-12-16,1687875
2025-12-17,1609513
2025-12-18,1439866
2025-12-19,1521373
2025-12-20,1820792
2025-12-21,1957778
2025-12-22,1608320
2025-12-23,1577033
2025-12-24,1612938
2025-12-25,1646956
2025-12-26,1893320
2025-12-27,2074271
2025-12-28,2229369
2025-12-29,2097609
2025-12-30,1738217
2025-12-31,1906941
2026-01-01,2146627
2026-01-02,2199122
2026-01-03,2417279
2026-01-04,2565153
2026-01-05,2015255
2026-01-06,2075784
2026-01-07,2094677
2026-01-08,2044689
2026-01-09,1956784
2026-01-10,2120341
2026-01-11,2218391
2026-01-12,2116668
2026-01-13,1962591
2026-01-14,1852242
2026-01-15,1927152
2026-01-16,1925362
2026-01-17,2270085
2026-01-18,2502160
2026-01-19,2045421
2026-01-20,2017206
2026-01-21,1931100
2026-01-22,1996953
2026-01-23,2037612
2026-01-24,2556995
2026-01-25,2758671
2026-01-26,2645843
2026-01-27,2169354
2026-01-28,1919476
2026-01-29,1919555
2026-01-30,2320566
2026-01-31,3146107
2026-02-01,3049400
2026-02-02,1908811
2026-02-03,1827959
2026-02-04,1682538
2026-02-05,1611522
2026-02-06,1807367
2026-02-07,2031113
2026-02-08,2211649
2026-02-09,2067968
2026-02-10,1732394
2026-02-11,1691809
2026-02-12,1832619
2026-02-13,2014155
2026-02-14,2244498
2026-02-15,2323713
2026-02-16,1666495
2026-02-17,1730917
2026-02-18,1572900
2026-02-19,1618171
2026-02-20,1877341
2026-02-21,2015585
2026-02-22,2127572
2026-02-23,1678587
2026-02-24,1634284
2026-02-25,1473711
2026-02-26,1510469
2026-02-27,1637096
2026-02-28,2056376
